{"cameraMode":{"drawMode":0,"name":"Shaded","section":"Shading Mode"},"sceneLighting":true,"audioPlay":false,"sceneViewState":{"showFog":true,"showMaterialUpdate":false,"showSkybox":true,"showFlares":true,"showImageEffects":true,"showParticleSystems":true},"in2DMode":false,"pivot":{"x":0.5225577354431152,"y":-0.31464993953704836,"z":-0.25005102157592776},"rotation":{"x":-0.07161551713943482,"y":0.9207200407981873,"z":-0.2023259848356247,"w":-0.3258987069129944},"size":5.407395362854004,"orthographic":false}