{"cameraMode":{"drawMode":0,"name":"Shaded","section":"Shading Mode"},"sceneLighting":true,"audioPlay":false,"sceneViewState":{"showFog":true,"showMaterialUpdate":false,"showSkybox":true,"showFlares":true,"showImageEffects":true,"showParticleSystems":true},"in2DMode":false,"pivot":{"x":-38.465633392333987,"y":46.315547943115237,"z":150.73968505859376},"rotation":{"x":0.01803399622440338,"y":0.9834354519844055,"z":-0.13792791962623597,"w":0.1187310516834259},"size":28.055648803710939,"orthographic":false}